{
    "open": 1.1085053781194425,
    "High": 1.110818064060231,
    "low": 1.106932762386779,
    "Close": 1.1066043557564171,
    "action": "Sell"
}